"0","gbg_mo_karta <- mellanområde_k |>
  mutate(mellanområde = paste(MELLANOMRA, NAMN)) |>
  filter(mellanområde %in% mo_namn) |>
  left_join(
    data_lista$gbg_smahus_mo |> filter(alder_grupp == ""65-79 år""),
    by = ""mellanområde""
  )
"
"1","[1m[33mError[39m in `stopifnot()`:[22m
[38;5;255m[36mℹ[38;5;255m In argument: `mellanområde %in% mo_namn`.[39m
[1mCaused by error:[22m
[33m![39m object 'mo_namn' not found
[90mRun `]8;;x-r-run:rlang::last_trace()rlang::last_trace()]8;;` to see where the error occurred.[39m
"
